{"cameraMode":{"drawMode":0,"name":"Shaded","section":"Shading Mode"},"sceneLighting":true,"audioPlay":false,"sceneViewState":{"m_AlwaysRefresh":false,"showFog":true,"showSkybox":true,"showFlares":true,"showImageEffects":true,"showParticleSystems":true,"showVisualEffectGraphs":true,"m_FxEnabled":false},"in2DMode":false,"pivot":{"x":175.69000244140626,"y":35.18000030517578,"z":74.47999572753906},"rotation":{"x":0.037177473306655887,"y":-0.7444968223571777,"z":0.04158598929643631,"w":0.6653094291687012},"size":12.12435531616211,"orthographic":false}