{"cameraMode":{"drawMode":0,"name":"Shaded","section":"Shading Mode"},"sceneLighting":true,"audioPlay":false,"sceneViewState":{"m_AlwaysRefresh":false,"showFog":true,"showSkybox":true,"showFlares":true,"showImageEffects":true,"showParticleSystems":true,"showVisualEffectGraphs":true,"m_FxEnabled":false},"in2DMode":false,"pivot":{"x":102.4779052734375,"y":21.150869369506837,"z":129.2341766357422},"rotation":{"x":0.037177473306655887,"y":-0.7444968223571777,"z":0.04158598929643631,"w":0.6653094291687012},"size":21.009428024291993,"orthographic":false}