{"cameraMode":{"drawMode":0,"name":"Shaded","section":"Shading Mode"},"sceneLighting":true,"audioPlay":false,"sceneViewState":{"m_AlwaysRefresh":false,"showFog":true,"showSkybox":true,"showFlares":true,"showImageEffects":true,"showParticleSystems":true,"showVisualEffectGraphs":true,"m_FxEnabled":false},"in2DMode":false,"pivot":{"x":0.011620374396443367,"y":0.04210413619875908,"z":-0.16464613378047944},"rotation":{"x":0.037177473306655887,"y":-0.7444968223571777,"z":0.04158598929643631,"w":0.6653094291687012},"size":0.23114468157291413,"orthographic":false}