{"cameraMode":{"drawMode":0,"name":"Shaded","section":"Shading Mode"},"sceneLighting":false,"audioPlay":false,"sceneViewState":{"m_AlwaysRefresh":false,"showFog":true,"showSkybox":false,"showFlares":true,"showImageEffects":true,"showParticleSystems":true,"showVisualEffectGraphs":true,"m_FxEnabled":false},"in2DMode":false,"pivot":{"x":175.36000061035157,"y":27.549999237060548,"z":77.69999694824219},"rotation":{"x":0.017819201573729516,"y":0.6585265398025513,"z":0.015607853420078755,"w":-0.7521945834159851},"size":12.12435531616211,"orthographic":false}